Workbook

Sheet Read Me
A1: BATCH JOB PERFORMANCE TEST REPORT
A3: Template for reporting batch/EOD-BOD job performance test outcomes
B5: Purpose | C5: Standard template to record, analyze and report the performance test outcomes of batch jobs (e.g. EOD/BOD, interest accrual, interface uploads) executed as part of a performance test cycle.
B7: How to use | C7: 1. Fill 'Test Config' with environment, tooling and scope details. 2. Log every batch execution (each run/cycle) in 'Execution Log' — one row per batch job per run. 3. Record server-side resource usage in 'Resource Utilization' for the same runs. 4. Log any issues/deviations found in 'Observations & Defects'. 5. 'Dashboard' auto-summarizes pass/fail status and duration trend from the Execution Log — no manual entry needed. 6. Complete 'Sign-off' before sharing the report externally.
B9: Status logic | C9: Status in Execution Log is auto-calculated: PASS if Actual Duration <= SLA Duration (with tolerance %), else FAIL.
B11: Color legend | C11: Yellow cells = manual input. White cells = auto-calculated formulas, do not overwrite.
B13: Sheets | C13: 1. Read Me 2. Test Config 3. Execution Log 4. Resource Utilization 5. Observations & Defects 6. Dashboard 7. Sign-off

Sheet Test Config
A1: TEST CONFIGURATION
A3: Environment, scope and tooling details for this performance test cycle
B5: Project / Engagement | D5: Application / Module
B6: Core Banking Platform | D6: Environment (Env / Sizing)
B7: Test Type | C7: Batch Performance Test | D7: Testing Tool | E7: JMeter
B8: Test Window / Cycle | D8: Batch Scheduler | E8: e.g. Control-M / Autosys / cron
B9: Data Volume (Production-like %) | D9: Database
B10: Server Specs (App/DB) | D10: Number of Batch Jobs in Scope
B11: Test Start Date | D11: Test End Date
B12: Conducted By | D12: SLA Tolerance (%) | E12: 10
B14: BATCH JOBS IN SCOPE
B15: Sr No | C15: Batch Job Name | D15: Description | E15: SLA Duration (mins) | F15: Business Priority
B16: 1
B17: 2
B18: 3
B19: 4
B20: 5
B21: 6
B22: 7
B23: 8
B24: 9
B25: 10
B26: 11
B27: 12
... B30: 15

Sheet Execution Log
A1: BATCH JOB EXECUTION LOG
A3: One row per batch job execution / run / cycle
A5: Sr No | B5: Batch Job Name | C5: Run / Cycle | D5: Exec Date | E5: Start Time | F5: End Time | G5: Actual Duration (mins) | H5: Records Processed | I5: Throughput (rec/min) | J5: Baseline Duration (mins) | K5: SLA Duration (mins) | L5: Variance vs SLA (%) | M5: Status | N5: Env | O5: Remarks
A6: 1 | G6: =IF(OR(E6="",F6=""),"",ROUND((F6-E6)*1440,1)) | I6: =IF(OR(H6="",G6="",G6=0),"",ROUND(H6/G6,0)) | L6: =IF(OR(G6="",K6="",K6=0),"",ROUND((G6-K6)/K6,4)) | M6: =IF(OR(G6="",K6=""),"",IF(G6<=K6*(1+'Test Config'!$E$12/100),"PASS","FAIL"))
A7: 2 | G7: =IF(OR(E7="",F7=""),"",ROUND((F7-E7)*1440,1)) | I7: =IF(OR(H7="",G7="",G7=0),"",ROUND(H7/G7,0)) | L7: =IF(OR(G7="",K7="",K7=0),"",ROUND((G7-K7)/K7,4)) | M7: =IF(OR(G7="",K7=""),"",IF(G7<=K7*(1+'Test Config'!$E$12/100),"PASS","FAIL"))
A8: 3 | G8: =IF(OR(E8="",F8=""),"",ROUND((F8-E8)*1440,1)) | I8: =IF(OR(H8="",G8="",G8=0),"",ROUND(H8/G8,0)) | L8: =IF(OR(G8="",K8="",K8=0),"",ROUND((G8-K8)/K8,4)) | M8: =IF(OR(G8="",K8=""),"",IF(G8<=K8*(1+'Test Config'!$E$12/100),"PASS","FAIL"))
A9: 4 | G9: =IF(OR(E9="",F9=""),"",ROUND((F9-E9)*1440,1)) | I9: =IF(OR(H9="",G9="",G9=0),"",ROUND(H9/G9,0)) | L9: =IF(OR(G9="",K9="",K9=0),"",ROUND((G9-K9)/K9,4)) | M9: =IF(OR(G9="",K9=""),"",IF(G9<=K9*(1+'Test Config'!$E$12/100),"PASS","FAIL"))
A10: 5 | G10: =IF(OR(E10="",F10=""),"",ROUND((F10-E10)*1440,1)) | I10: =IF(OR(H10="",G10="",G10=0),"",ROUND(H10/G10,0)) | L10: =IF(OR(G10="",K10="",K10=0),"",ROUND((G10-K10)/K10,4)) | M10: =IF(OR(G10="",K10=""),"",IF(G10<=K10*(1+'Test Config'!$E$12/100),"PASS","FAIL"))
A11: 6 | G11: =IF(OR(E11="",F11=""),"",ROUND((F11-E11)*1440,1)) | I11: =IF(OR(H11="",G11="",G11=0),"",ROUND(H11/G11,0)) | L11: =IF(OR(G11="",K11="",K11=0),"",ROUND((G11-K11)/K11,4)) | M11: =IF(OR(G11="",K11=""),"",IF(G11<=K11*(1+'Test Config'!$E$12/100),"PASS","FAIL"))
A12: 7 | G12: =IF(OR(E12="",F12=""),"",ROUND((F12-E12)*1440,1)) | I12: =IF(OR(H12="",G12="",G12=0),"",ROUND(H12/G12,0)) | L12: =IF(OR(G12="",K12="",K12=0),"",ROUND((G12-K12)/K12,4)) | M12: =IF(OR(G12="",K12=""),"",IF(G12<=K12*(1+'Test Config'!$E$12/100),"PASS","FAIL"))
A13: 8 | G13: =IF(OR(E13="",F13=""),"",ROUND((F13-E13)*1440,1)) | I13: =IF(OR(H13="",G13="",G13=0),"",ROUND(H13/G13,0)) | L13: =IF(OR(G13="",K13="",K13=0),"",ROUND((G13-K13)/K13,4)) | M13: =IF(OR(G13="",K13=""),"",IF(G13<=K13*(1+'Test Config'!$E$12/100),"PASS","FAIL"))
A14: 9 | G14: =IF(OR(E14="",F14=""),"",ROUND((F14-E14)*1440,1)) | I14: =IF(OR(H14="",G14="",G14=0),"",ROUND(H14/G14,0)) | L14: =IF(OR(G14="",K14="",K14=0),"",ROUND((G14-K14)/K14,4)) | M14: =IF(OR(G14="",K14=""),"",IF(G14<=K14*(1+'Test Config'!$E$12/100),"PASS","FAIL"))
A15: 10 | G15: =IF(OR(E15="",F15=""),"",ROUND((F15-E15)*1440,1)) | I15: =IF(OR(H15="",G15="",G15=0),"",ROUND(H15/G15,0)) | L15: =IF(OR(G15="",K15="",K15=0),"",ROUND((G15-K15)/K15,4)) | M15: =IF(OR(G15="",K15=""),"",IF(G15<=K15*(1+'Test Config'!$E$12/100),"PASS","FAIL"))
A16: 11 | G16: =IF(OR(E16="",F16=""),"",ROUND((F16-E16)*1440,1)) | I16: =IF(OR(H16="",G16="",G16=0),"",ROUND(H16/G16,0)) | L16: =IF(OR(G16="",K16="",K16=0),"",ROUND((G16-K16)/K16,4)) | M16: =IF(OR(G16="",K16=""),"",IF(G16<=K16*(1+'Test Config'!$E$12/100),"PASS","FAIL"))
A17: 12 | G17: =IF(OR(E17="",F17=""),"",ROUND((F17-E17)*1440,1)) | I17: =IF(OR(H17="",G17="",G17=0),"",ROUND(H17/G17,0)) | L17: =IF(OR(G17="",K17="",K17=0),"",ROUND((G17-K17)/K17,4)) | M17: =IF(OR(G17="",K17=""),"",IF(G17<=K17*(1+'Test Config'!$E$12/100),"PASS","FAIL"))
... A65: 60 | G65: =IF(OR(E65="",F65=""),"",ROUND((F65-E65)*1440,1)) | I65: =IF(OR(H65="",G65="",G65=0),"",ROUND(H65/G65,0)) | L65: =IF(OR(G65="",K65="",K65=0),"",ROUND((G65-K65)/K65,4)) | M65: =IF(OR(G65="",K65=""),"",IF(G65<=K65*(1+'Test Config'!$E$12/100),"PASS","FAIL"))
B67: TOTAL / SUMMARY | H67: =SUM(H6:H65) -> 0 | M67: =COUNTIF(M6:M65,"PASS")&" PASS / "&COUNTIF(M6:M65,"FAIL")&" FAIL" -> 0 PASS / 0 FAIL

Sheet Resource Utilization
A1: SERVER RESOURCE UTILIZATION
A3: Captured during each batch execution / run
A5: Sr No | B5: Batch Job Name | C5: Run/Cycle | D5: Server | E5: CPU Avg (%) | F5: CPU Peak (%) | G5: Mem Avg (%) | H5: Mem Peak (%) | I5: DB Conn (Avg) | J5: Disk I/O (MB/s) | K5: Network (Mbps) | L5: Remarks
A6: 1
A7: 2
A8: 3
A9: 4
A10: 5
A11: 6
A12: 7
A13: 8
A14: 9
A15: 10
A16: 11
A17: 12
... A45: 40

Sheet Observations & Defects
A1: OBSERVATIONS & DEFECTS LOG
A3: Performance deviations, bottlenecks and issues identified during testing
A5: Sr No | B5: Batch Job Name | C5: Run/Cycle | D5: Severity | E5: Observation / Issue Description | F5: Root Cause | G5: Recommendation | H5: Owner | I5: Status
A6: 1
A7: 2
A8: 3
A9: 4
A10: 5
A11: 6
A12: 7
A13: 8
A14: 9
A15: 10
A16: 11
A17: 12
... A35: 30

Sheet Dashboard
A1: EXECUTIVE DASHBOARD
A3: Auto-generated summary from Execution Log — refresh via formulas, no manual entry
B5: Total Batch Jobs Tested | D5: Total Runs Executed | F5: Pass Count
B6: =SUMPRODUCT(('Execution Log'!B6:B65<>"")/COUNTIF('Execution Log'!B6:B65,'Execution Log'!B6:B65&"")) -> 0 | D6: =COUNTA('Execution Log'!B6:B65) -> 0 | F6: =COUNTIF('Execution Log'!M6:M65,"PASS") -> 0
B8: Fail Count | D8: Pass % | F8: Avg Variance vs SLA (%)
B9: =COUNTIF('Execution Log'!M6:M65,"FAIL") -> 0 | D9: =IFERROR(COUNTIF('Execution Log'!M6:M65,"PASS")/(COUNTIF('Execution Log'!M6:M65,"PASS")+COUNTIF('Execution Log'!M6:M65,"FAIL")),0) -> 0 | F9: =IFERROR(AVERAGE('Execution Log'!L6:L65),0) -> 0
B30: PASS | C30: =COUNTIF('Execution Log'!M6:M65,"PASS") -> 0
B31: FAIL | C31: =COUNTIF('Execution Log'!M6:M65,"FAIL") -> 0

Sheet Sign-off
A1: TEST SIGN-OFF
A3: Approval record for the performance test outcome report
B5: Overall Test Verdict | D5: Total Jobs Tested
B6: Total Pass | D6: Total Fail
B7: Key Risks / Open Items
B9: APPROVALS
B10: Role | C10: Name | D10: Signature / Email Approval | E10: Date
B11: Prepared By (Performance Tester)
B12: Reviewed By (Test Lead)
B13: Approved By (Project Manager)
B14: Client Sign-off
